"name","street address"
"Schowalter-Koss","9 Roxbury Hill"
"Kemmer, Hoppe and Aufderhar","3740 Jenifer Junction"
"Swaniawski, Gislason and Schultz","8425 Oak Crossing"
"Crist-Wiza","923 Eagle Crest Trail"
"Predovic and Sons","717 Bayside Court"
"Leuschke-Huel","839 Crescent Oaks Junction"
"Prosacco Inc","2 Leroy Lane"
"Feest Group","9 Northport Trail"
"Dickinson-Ortiz","5801 Hooker Parkway"
"Swift-Kub","59 Pearson Crossing"
"Kutch-Leffler","55 Lerdahl Hill"
"Ruecker-Kovacek","1536 Starling Pass"
"Sanford LLC","199 Granby Alley"
"O'Connell, Reichert and Wolf","63 Ohio Pass"
"Stamm-Nader","00 Donald Point"
"Schmidt Group","1327 Amoth Place"
"Schroeder and Sons","92 Lyons Road"
"Lockman-Abbott","82180 Jenifer Court"
"Gleason LLC","7 Elmside Crossing"
"Terry LLC","3500 Holy Cross Lane"
